querying time, init time, tree pass time, pq insert time, pq remove time, lb dist time, real dist time, nodes, checked_nodes, bytes_accessed, loaded_nodes, loaded_records, real dist calc, lb dist calc, approximate_distance, distance, total
81246, 17, 73, 851851, 304392, 0, 0, 61627, 56728, 0, 0, 0, 4001045, 4091203, 309.309937, 243.993118, 81245
64109, 5, 181, 305265, 337279, 0, 0, 61627, 56924, 0, 0, 0, 4078388, 4091213, 352.672180, 150.606842, 145353
66135, 3, 725, 308134, 343840, 0, 0, 61627, 57004, 0, 0, 0, 4089060, 4091240, 333.844788, 218.079254, 211487
64138, 3, 57, 303379, 418003, 0, 0, 61627, 57034, 0, 0, 0, 4077750, 4091238, 324.593079, 214.058014, 275623
63794, 4, 45, 306654, 390095, 0, 0, 61627, 56917, 0, 0, 0, 4089742, 4091240, 334.643188, 239.503143, 339415
68018, 3, 35, 302872, 513211, 0, 0, 61627, 57119, 0, 0, 0, 4073616, 4091238, 303.624939, 196.681702, 407433
61647, 7, 16, 351453, 373115, 0, 0, 61627, 56639, 0, 0, 0, 4090634, 4091240, 362.823486, 228.887695, 469079
65871, 3, 118, 316122, 483771, 0, 0, 61627, 56903, 0, 0, 0, 4083436, 4091240, 305.452240, 234.888641, 534950
55965, 3, 12, 304099, 356431, 0, 0, 61627, 55763, 0, 0, 0, 3859049, 4091172, 430.080261, 160.424606, 590914
65197, 3, 50, 304331, 430279, 0, 0, 61627, 56830, 0, 0, 0, 4090281, 4091240, 381.018433, 231.059952, 656110
62693, 3, 85, 306487, 450806, 0, 0, 61627, 56634, 0, 0, 0, 3898360, 4091184, 263.975372, 178.847961, 718802
42917, 3, 1271, 302292, 289564, 0, 0, 61627, 53394, 0, 0, 0, 3139600, 4090840, 140.307770, 113.034195, 761719
66090, 3, 137, 303513, 467967, 0, 0, 61627, 57062, 0, 0, 0, 4081456, 4091239, 372.319397, 229.595108, 827808
61211, 3, 360, 308486, 391690, 0, 0, 61627, 56265, 0, 0, 0, 3881591, 4091181, 297.655304, 175.587906, 889018
51233, 6, 52, 309976, 417848, 0, 0, 61627, 55749, 0, 0, 0, 3983105, 4091215, 307.859467, 165.262939, 940250
59681, 4, 661, 310404, 420253, 0, 0, 61627, 56267, 0, 0, 0, 4063658, 4091235, 297.480988, 219.725189, 999930
62939, 3, 19, 309038, 445505, 0, 0, 61627, 56735, 0, 0, 0, 4091263, 4091240, 383.269836, 255.989914, 1062868
64482, 7, 528, 356409, 384597, 0, 0, 61627, 56893, 0, 0, 0, 4092088, 4091240, 288.076569, 236.959122, 1127349
63973, 3, 7, 316280, 454201, 0, 0, 61627, 56885, 0, 0, 0, 4087517, 4091240, 352.511169, 255.837036, 1191321
61943, 3, 22, 314102, 564468, 0, 0, 61627, 56548, 0, 0, 0, 4091171, 4091240, 306.755615, 216.517807, 1253263
67144, 3, 210, 310325, 475495, 0, 0, 61627, 57087, 0, 0, 0, 4160727, 4160286, 375.353180, 255.991608, 1320407
58860, 3, 14, 309542, 350040, 0, 0, 61627, 55863, 0, 0, 0, 4036155, 4091229, 346.662201, 187.160324, 1379266
61962, 3, 361, 311938, 512578, 0, 0, 61627, 56466, 0, 0, 0, 4092144, 4091240, 314.183472, 232.524597, 1441227
68476, 2, 128, 305488, 535936, 0, 0, 61627, 57399, 0, 0, 0, 4091481, 4091240, 304.231415, 250.405807, 1509702
53615, 6, 100, 372426, 322987, 0, 0, 61627, 55087, 0, 0, 0, 4007031, 4091220, 259.765564, 190.958176, 1563316
70460, 3, 40, 318566, 435222, 0, 0, 61627, 57266, 0, 0, 0, 4090901, 4091240, 399.000061, 243.094238, 1633775
62137, 7, 196, 338829, 332717, 0, 0, 61627, 56387, 0, 0, 0, 4088054, 4091239, 256.002563, 236.400620, 1695911
52821, 3, 81, 319329, 395210, 0, 0, 61627, 55613, 0, 0, 0, 4076892, 4091240, 304.680389, 215.161865, 1748732
48187, 3, 6, 305694, 400590, 0, 0, 61627, 54504, 0, 0, 0, 3330311, 4090919, 318.815735, 87.816536, 1796919
57455, 3, 206, 306817, 430026, 0, 0, 61627, 55512, 0, 0, 0, 3681333, 4091062, 315.728577, 122.827507, 1854373
68378, 3, 60, 314071, 558366, 0, 0, 61627, 57402, 0, 0, 0, 4091314, 4091240, 339.294037, 230.207031, 1922750
42626, 3, 56, 302609, 295956, 0, 0, 61627, 54818, 0, 0, 0, 3904885, 4091186, 324.979462, 157.214432, 1965374
56746, 3, 35, 305681, 430648, 0, 0, 61627, 56008, 0, 0, 0, 3676676, 4091059, 357.643951, 121.485962, 2022118
56862, 3, 215, 311058, 407629, 0, 0, 61627, 55928, 0, 0, 0, 3602343, 4091023, 342.608643, 109.317291, 2078980
64402, 3, 603, 301715, 470116, 0, 0, 61627, 56888, 0, 0, 0, 4086458, 4091239, 328.967194, 199.947586, 2143381
66490, 3, 8, 308131, 503344, 0, 0, 61627, 57106, 0, 0, 0, 4090856, 4091240, 404.383484, 223.902496, 2209870
53112, 3, 20, 308276, 371808, 0, 0, 61627, 55505, 0, 0, 0, 4081219, 4091240, 341.204132, 217.547638, 2262980
63701, 3, 284, 307633, 458755, 0, 0, 61627, 56757, 0, 0, 0, 4002731, 4091222, 247.383575, 192.676620, 2326681
50458, 4, 83, 309626, 345556, 0, 0, 61627, 55840, 0, 0, 0, 4048097, 4091234, 255.999664, 190.665359, 2377138
62686, 4, 35, 310454, 470923, 0, 0, 61627, 56630, 0, 0, 0, 3850589, 4091147, 393.715363, 135.844391, 2439823
45621, 3, 187, 305268, 368924, 0, 0, 61627, 54895, 0, 0, 0, 3898496, 4091164, 310.800842, 143.709915, 2485443
63162, 5, 121, 356482, 407577, 0, 0, 61627, 56724, 0, 0, 0, 4091091, 4091240, 356.819885, 220.630966, 2548604
53583, 2, 9, 310448, 335897, 0, 0, 61627, 54919, 0, 0, 0, 3352554, 4090935, 346.411072, 107.220512, 2602186
66714, 3, 142, 313348, 486852, 0, 0, 61627, 57308, 0, 0, 0, 4081131, 4091240, 396.664520, 187.090179, 2668899
60339, 3, 94, 308445, 486742, 0, 0, 61627, 56739, 0, 0, 0, 4091052, 4091240, 339.597229, 209.030350, 2729237
66061, 3, 191, 313967, 494687, 0, 0, 61627, 57049, 0, 0, 0, 4080544, 4091238, 332.864563, 214.924423, 2795297
59122, 3, 731, 311286, 386670, 0, 0, 61627, 56456, 0, 0, 0, 4077311, 4091238, 251.949249, 199.142838, 2854419
59016, 4, 89, 308951, 401346, 0, 0, 61627, 56353, 0, 0, 0, 4091401, 4091240, 372.508484, 255.634399, 2913434
50010, 3, 106, 309925, 403220, 0, 0, 61627, 55141, 0, 0, 0, 3473967, 4090978, 284.894989, 98.236717, 2963444
61529, 3, 171, 312205, 364937, 0, 0, 61627, 56635, 0, 0, 0, 4089442, 4091240, 344.378296, 241.936005, 3024972
58417, 3, 38, 304785, 418804, 0, 0, 61627, 56346, 0, 0, 0, 4039079, 4091230, 272.832855, 180.632614, 3083388
62935, 3, 3, 303170, 597365, 0, 0, 61627, 56806, 0, 0, 0, 3741679, 4091084, 367.279358, 120.998077, 3146322
47639, 2, 20, 306017, 295931, 0, 0, 61627, 55169, 0, 0, 0, 3833301, 4091147, 242.420639, 158.858978, 3193961
62694, 2, 29, 303902, 372161, 0, 0, 61627, 56726, 0, 0, 0, 3886284, 4091165, 250.306229, 163.453400, 3256655
55367, 3, 132, 307306, 392242, 0, 0, 61627, 55985, 0, 0, 0, 4090874, 4091240, 350.126678, 225.491440, 3312021
61742, 2, 44, 324005, 433995, 0, 0, 61627, 56938, 0, 0, 0, 4025288, 4091226, 311.648529, 245.684128, 3373763
62709, 2, 26, 313049, 399361, 0, 0, 61627, 56794, 0, 0, 0, 4090951, 4091240, 361.749786, 242.841888, 3436472
57677, 3, 35, 320886, 429053, 0, 0, 61627, 56277, 0, 0, 0, 4080333, 4091239, 323.540802, 205.862045, 3494148
46428, 2, 18, 320068, 324465, 0, 0, 61627, 55119, 0, 0, 0, 4069465, 4091236, 377.746033, 214.281876, 3540576
48799, 6, 10, 346019, 393283, 0, 0, 61627, 55575, 0, 0, 0, 3940668, 4091192, 459.527588, 152.441208, 3589374
63169, 2, 16, 307758, 463195, 0, 0, 61627, 56836, 0, 0, 0, 4088061, 4091239, 330.568726, 222.736969, 3652543
59883, 3, 121, 304338, 418189, 0, 0, 61627, 56563, 0, 0, 0, 4083405, 4091240, 376.669403, 198.683136, 3712426
60919, 3, 89, 304278, 357307, 0, 0, 61627, 56530, 0, 0, 0, 4079980, 4091239, 354.585968, 212.861511, 3773345
59091, 3, 54, 307451, 411162, 0, 0, 61627, 56461, 0, 0, 0, 4072412, 4091240, 304.108551, 201.073868, 3832436
70879, 3, 55, 303114, 609279, 0, 0, 61627, 57523, 0, 0, 0, 4091275, 4091240, 305.368439, 224.214233, 3903314
68909, 6, 44, 367200, 448887, 0, 0, 61627, 57411, 0, 0, 0, 4089696, 4091240, 362.731659, 205.864838, 3972222
57477, 3, 14, 338805, 422716, 0, 0, 61627, 55972, 0, 0, 0, 3951258, 4091213, 278.164703, 221.038559, 4029697
42218, 3, 44, 315446, 253766, 0, 0, 61627, 54317, 0, 0, 0, 3757570, 4091125, 224.317276, 158.989182, 4071915
58927, 2, 19, 322070, 392745, 0, 0, 61627, 56294, 0, 0, 0, 4089721, 4091240, 394.867767, 236.994080, 4130842
62753, 5, 8, 339876, 437249, 0, 0, 61627, 56473, 0, 0, 0, 3762885, 4091108, 308.018585, 123.902031, 4193594
68235, 3, 117, 311524, 585595, 0, 0, 61627, 57323, 0, 0, 0, 4083669, 4091240, 342.572968, 215.359375, 4261828
62312, 3, 126, 303262, 438529, 0, 0, 61627, 56901, 0, 0, 0, 4091641, 4091240, 348.640076, 255.988480, 4324139
64432, 3, 10, 307820, 493922, 0, 0, 61627, 57170, 0, 0, 0, 4090487, 4091240, 426.615295, 220.850555, 4388569
65575, 3, 103, 304568, 485537, 0, 0, 61627, 57035, 0, 0, 0, 4078404, 4091238, 308.255676, 233.355545, 4454143
58745, 4, 651, 299443, 436470, 0, 0, 61627, 56342, 0, 0, 0, 3941814, 4091203, 247.765350, 188.457993, 4512886
61617, 3, 131, 308177, 377987, 0, 0, 61627, 56852, 0, 0, 0, 4084844, 4091240, 316.063690, 216.994461, 4574503
62840, 2, 108, 329859, 372927, 0, 0, 61627, 56714, 0, 0, 0, 4084251, 4091240, 340.030212, 228.104324, 4637343
61555, 7, 519, 353107, 308475, 0, 0, 61627, 56152, 0, 0, 0, 3925849, 4091193, 273.310242, 174.128601, 4698897
47858, 2, 81, 329115, 485248, 0, 0, 61627, 54193, 0, 0, 0, 3181883, 4090858, 339.154541, 72.251282, 4746755
64298, 2, 3, 322024, 533039, 0, 0, 61627, 56714, 0, 0, 0, 3870659, 4091125, 452.124664, 126.829346, 4811053
64868, 3, 156, 319291, 460281, 0, 0, 61627, 56879, 0, 0, 0, 4065962, 4091233, 282.165741, 255.986984, 4875921
63862, 3, 24, 323049, 515522, 0, 0, 61627, 57052, 0, 0, 0, 3905648, 4091172, 343.552521, 141.381302, 4939782
59254, 2, 54, 317701, 466361, 0, 0, 61627, 56764, 0, 0, 0, 4076028, 4091238, 345.439514, 194.860260, 4999035
62511, 3, 586, 319603, 419516, 0, 0, 61627, 56746, 0, 0, 0, 4070466, 4091237, 211.593872, 202.055405, 5061545
40568, 3, 58, 322123, 245393, 0, 0, 61627, 53851, 0, 0, 0, 3807142, 4091146, 338.512329, 155.009827, 5102112
65697, 2, 384, 320827, 416195, 0, 0, 61627, 56690, 0, 0, 0, 4059184, 4091238, 291.057404, 220.699600, 5167809
70402, 6, 30, 365751, 441524, 0, 0, 61627, 57357, 0, 0, 0, 4160313, 4160286, 406.530853, 255.991028, 5238210
59433, 3, 20, 315354, 478393, 0, 0, 61627, 56229, 0, 0, 0, 3925584, 4091189, 334.360168, 156.508194, 5297643
55201, 3, 29, 303115, 414371, 0, 0, 61627, 55406, 0, 0, 0, 3448168, 4090960, 419.952911, 103.928101, 5352844
58832, 3, 272, 298566, 420964, 0, 0, 61627, 56503, 0, 0, 0, 4086468, 4091238, 324.255127, 255.986069, 5411676
64971, 3, 653, 304027, 383194, 0, 0, 61627, 56823, 0, 0, 0, 4087038, 4091240, 327.599243, 255.988342, 5476646
43260, 2, 63, 306126, 323121, 0, 0, 61627, 54274, 0, 0, 0, 3886791, 4091178, 359.010468, 153.665222, 5519905
58129, 5, 79, 360843, 357366, 0, 0, 61627, 56259, 0, 0, 0, 4019689, 4091227, 328.259491, 167.082199, 5578033
64909, 2, 30, 315634, 487332, 0, 0, 61627, 57135, 0, 0, 0, 4091284, 4091240, 411.173157, 255.987137, 5642941
60961, 3, 50, 302926, 483022, 0, 0, 61627, 56793, 0, 0, 0, 4014796, 4091225, 307.211823, 194.823303, 5703901
62005, 7, 207, 364359, 358364, 0, 0, 61627, 56541, 0, 0, 0, 4091500, 4091240, 338.095886, 240.180206, 5765904
56433, 4, 24, 329745, 508673, 0, 0, 61627, 56243, 0, 0, 0, 4091079, 4091240, 395.702362, 231.256165, 5822337
60339, 4, 7, 354460, 365625, 0, 0, 61627, 56344, 0, 0, 0, 3770971, 4091068, 372.155212, 119.743729, 5882675
68517, 3, 723, 314343, 488245, 0, 0, 61627, 57084, 0, 0, 0, 4091221, 4091240, 296.137787, 251.800476, 5951192
65366, 3, 674, 302390, 433584, 0, 0, 61627, 56914, 0, 0, 0, 4091232, 4091240, 256.001068, 223.355225, 6016558
60166.340000, 3.490000, 158.270000, 322083.550000, 421339.990000, 0.000000, 0.000000, 61627, 56359.760000, 0.000000, 0.000000, 0.000000, 3974982.460000, 4092576.310000, 329.556488, 197.297593, 6016558.000000
